onset	duration	sample	value
0	0	0	extreme
30.00390625	0	7681	extreme
60.0078125	0	15362	extreme
90.01171875	0	23043	traditional
120.015625	0	30724	traditional
150.0195312	0	38405	traditional
