onset	duration	sample	value
0	0	0	traditional
30.00390625	0	7681	traditional
60.0078125	0	15362	traditional
90.01171875	0	23043	extreme
120.015625	0	30724	extreme
150.0195312	0	38405	extreme
